date,set,weight,reps,rest_pause_reps,drop_weight,drop_reps,arm,exercise_order,note
2025-06-08,1,11,12,0,0,0,both,second,
2025-06-08,2,11,12,0,0,0,both,second,
2025-06-08,3,11,11,0,0,0,both,second,
2025-06-12,1,11,14,0,0,0,both,second,
2025-06-12,2,11,14,0,0,0,both,second,
2025-06-12,3,11,12,0,0,0,both,second,
2025-06-15,1,11,15,0,0,0,both,second,
2025-06-15,2,11,15,0,0,0,both,second,
2025-06-15,3,11,15,0,0,0,both,second,
2025-06-18,1,11,16,0,0,0,both,second,
2025-06-18,2,11,16,0,0,0,both,second,
2025-06-18,3,11,15,0,0,0,both,second,
2025-06-21,1,11,17,0,0,0,both,second,
2025-06-21,2,11,17,0,0,0,both,second,
2025-06-21,3,11,17,0,0,0,both,second,
2025-06-25,1,11,18,0,0,0,both,second,
2025-06-25,2,11,18,0,0,0,both,second,
2025-06-25,3,11,18,0,0,0,both,second,
2025-06-28,1,11,19,0,0,0,left,second,
2025-06-28,1,11,19,0,0,0,right,second,
2025-06-28,2,11,19,0,0,0,left,second,
2025-06-28,2,11,19,0,0,0,right,second,
2025-06-28,3,11,12,2,0,0,left,second,
2025-06-28,3,11,14,0,0,0,right,second,
2025-07-02,1,16,12,0,0,0,both,first,
2025-07-02,2,16,10,0,0,0,both,first,
2025-07-02,3,16,8,0,0,0,both,first,
2025-07-02,4,16,9,0,0,0,both,first,
2025-07-05,1,16,13,0,0,0,both,first,
2025-07-05,2,16,11,0,0,0,both,first,
2025-07-05,3,16,10,0,0,0,both,first,
2025-07-05,4,16,10,0,0,0,both,first,
2025-07-09,1,18,11,0,0,0,both,first,
2025-07-09,2,18,10,0,0,0,both,first,
2025-07-09,3,18,10,0,0,0,both,first,
2025-07-09,4,18,9,0,0,0,both,first,
2025-07-12,1,16,14,0,0,0,both,first,
2025-07-12,2,16,12,0,0,0,both,first,
2025-07-12,3,16,12,0,0,0,both,first,
2025-07-12,4,16,11,0,0,0,both,first,
2025-07-19,1,16,15,0,0,0,both,first,
2025-07-19,2,16,14,0,0,0,both,first,
2025-07-19,3,16,10,4,0,0,both,first,
2025-07-19,4,16,7,0,0,0,both,first,
2025-07-23,1,16,15,0,0,0,both,first,
2025-07-23,2,16,15,0,0,0,both,first,
2025-07-23,3,16,15,0,0,0,both,first,
2025-07-23,4,16,13,0,0,0,both,first,
2025-07-26,1,18,11,0,0,0,both,first,
2025-07-26,2,18,11,0,0,0,both,first,
2025-07-26,3,18,9,0,0,0,both,first,
2025-07-26,4,18,7,0,0,0,both,first,
2025-07-30,1,18,12,0,0,0,both,first,
2025-07-30,2,18,12,0,0,0,both,first,
2025-07-30,3,18,9,0,0,0,both,first,
2025-07-30,4,18,8,0,0,0,both,first,
2025-08-02,1,18,12,0,0,0,both,first,
2025-08-02,2,18,12,0,0,0,both,first,
2025-08-02,3,18,10,0,0,0,both,first,
2025-08-02,4,18,8,0,0,0,both,first,
2025-08-06,1,18,13,0,0,0,both,first,
2025-08-06,2,18,13,0,0,0,both,first,
2025-08-06,3,18,11,0,0,0,both,first,
2025-08-06,4,18,9,0,0,0,both,first,
2025-08-10,1,18,14,0,0,0,both,first,
2025-08-10,2,18,11,3,0,0,both,first,
2025-08-10,3,18,8,3,0,0,both,first,
2025-08-10,4,18,7,3,0,0,both,first,
2025-08-13,1,18,14,0,0,0,both,first,
2025-08-13,2,18,10,0,0,0,both,first,
2025-08-13,3,18,11,0,0,0,both,first,
2025-08-13,4,18,6,0,0,0,both,first,"machine broke, most likely cable detached from pin"
2025-08-13,5,14,7,0,0,0,left,first,using half the machine
2025-08-13,5,14,7,0,0,0,right,first,using half the machine
2025-08-17,1,18,15,0,0,0,both,first,
2025-08-17,2,18,15,0,0,0,both,first,
2025-08-17,3,18,12,0,0,0,both,first,
2025-08-17,4,18,10,0,0,0,both,first,
2025-08-20,1,18,15,0,0,0,left,first,
2025-08-20,1,18,12,0,0,0,right,first,
2025-08-20,2,18,9,0,0,0,left,first,
2025-08-20,2,18,10,0,0,0,right,first,
2025-08-20,3,18,8,0,0,0,left,first,
2025-08-20,3,18,8,0,0,0,right,first,
2025-08-20,4,18,7,0,0,0,left,first,only did left for set 4
2025-08-23,1,18,15,0,0,0,both,first,
2025-08-23,2,18,13,0,0,0,both,first,
2025-08-23,3,18,7,0,0,0,both,first,
2025-08-23,4,11,9,0,0,0,left,first,
2025-08-27,1,18,15,0,0,0,both,first,
2025-08-27,2,18,14,0,0,0,both,first,
2025-08-27,3,18,11,0,0,0,both,first,
2025-08-27,4,11,11,0,0,0,left,first,
2025-08-30,1,18,15,0,0,0,both,first,
2025-08-30,2,18,11,0,0,0,both,first,
2025-08-30,3,18,9,0,0,0,both,first,
2025-08-30,4,18,6,0,0,0,both,first,
2025-09-03,1,18,15,0,0,0,both,first,
2025-09-03,2,18,12,0,0,0,both,first,
2025-09-03,3,18,11,0,0,0,both,first,
2025-09-03,4,18,9,0,0,0,both,first,
2025-09-06,1,18,15,0,0,0,both,first,
2025-09-06,2,18,13,0,0,0,both,first,
2025-09-06,3,18,11,0,0,0,both,first,
2025-09-06,4,18,9,0,0,0,both,first,left rhomboid was injured slightly and still healing
2025-09-11,1,18,15,0,0,0,both,second,
2025-09-11,2,18,8,0,0,0,both,second,
2025-09-11,3,18,6,0,0,0,both,second,
2025-09-17,1,18,15,0,0,0,both,first,superset
2025-09-17,2,18,15,0,0,0,both,first,superset
2025-09-17,3,18,12,0,0,0,both,first,superset
2025-09-17,4,18,11,0,0,0,both,first,superset
2025-09-20,1,18,14,0,0,0,both,first,superset
2025-09-20,2,18,15,0,0,0,both,first,superset
2025-09-20,3,18,13,0,0,0,both,first,superset
2025-09-20,4,18,11,0,0,0,both,first,superset
2025-09-24,1,21,12,0,0,0,both,first,superset
2025-09-24,2,21,10,0,0,0,both,first,superset
2025-09-24,3,21,8,0,0,0,both,first,superset
2025-09-24,4,21,10,0,0,0,both,first,superset
2025-09-27,1,21,12,0,0,0,both,first,
2025-09-27,2,21,12,0,0,0,both,first,
2025-09-27,3,21,10,0,0,0,both,first,
2025-09-27,4,21,10,0,0,0,both,first,
2025-09-27,5,21,7,0,0,0,both,first,
2025-10-01,1,21,12,0,0,0,both,first,superset
2025-10-01,2,21,12,0,0,0,both,first,superset
2025-10-01,3,21,11,0,0,0,both,first,superset
2025-10-04,1,21,13,0,0,0,both,first,
2025-10-04,2,21,10,2,0,0,both,first,
2025-10-04,3,21,6,2,0,0,both,first,
2025-10-08,1,21,12,0,0,0,both,first,
2025-10-08,2,21,12,0,0,0,both,first,
2025-10-08,3,21,12,0,0,0,both,first,
2025-10-11,1,23,10,0,0,0,both,first,
2025-10-11,2,23,10,0,0,0,both,first,
2025-10-11,3,23,9,0,0,0,both,first,
2025-10-15,1,23,11,0,0,0,both,first,superset
2025-10-15,2,23,10,1,0,0,both,first,superset
2025-10-15,3,23,10,0,0,0,both,first,superset
2025-10-19,1,23,12,0,0,0,both,first,superset
2025-10-19,2,23,12,0,0,0,both,first,superset
2025-10-19,3,23,10,0,0,0,both,first,superset
2025-10-23,1,23,12,0,0,0,both,first,superset
2025-10-23,2,23,12,0,0,0,both,first,superset
2025-10-23,3,23,11,0,0,0,both,first,superset
2025-10-26,1,23,12,0,0,0,both,first,extra rest day after chest and back
2025-10-26,2,23,10,0,0,0,both,first,extra rest day after chest and back
2025-10-26,3,23,7,3,0,0,both,first,extra rest day after chest and back
2025-10-29,1,23,12,0,0,0,both,first,
2025-10-29,2,23,12,0,0,0,both,first,
2025-10-29,3,23,10,0,0,0,both,first,
2025-11-01,1,23,12,0,0,0,both,first,
2025-11-01,2,23,10,0,0,0,both,first,
2025-11-01,3,23,7,1,0,0,both,first,
2025-11-06,1,23,12,0,0,0,both,first,
2025-11-06,2,23,11,0,0,0,both,first,
2025-11-06,3,23,11,0,0,0,both,first,
2025-11-09,1,23,12,0,0,0,both,first,
2025-11-09,2,23,10,0,21,3,both,first,
2025-11-09,3,23,10,0,0,0,both,first,
2025-11-12,1,23,12,0,0,0,both,first,
2025-11-12,2,23,12,0,0,0,both,first,
2025-11-12,3,23,12,0,0,0,both,first,
2025-11-15,1,25,8,0,0,0,both,first,
2025-11-15,2,25,8,0,0,0,both,first,
2025-11-15,3,25,5,0,23,2,both,first,
2025-11-19,1,25,10,0,0,0,both,first,
2025-11-19,2,25,10,0,0,0,both,first,
2025-11-19,3,25,8,0,0,0,both,first,
2025-11-22,1,25,11,0,0,0,both,first,
2025-11-22,2,25,11,0,0,0,both,first,
2025-11-22,3,25,9,0,0,0,both,first,
2025-11-26,1,25,12,0,0,0,both,first,
2025-11-26,2,25,11,0,0,0,both,first,
2025-11-26,3,25,10,0,0,0,both,first,
2025-11-29,1,25,12,0,0,0,both,first,
2025-11-29,2,25,12,0,0,0,both,first,
2025-11-29,3,25,13,0,0,0,both,first,
2025-12-03,1,27,9,0,0,0,both,first,
2025-12-03,2,27,8,0,0,0,both,first,
2025-12-03,3,27,6,0,0,0,both,first,
2025-12-03,4,27,5,0,0,0,both,first,
2025-12-06,1,27,8,0,0,0,both,first,
2025-12-06,2,27,8,0,0,0,both,first,
2025-12-06,3,27,8,0,0,0,both,first,
2025-12-10,1,27,9,0,0,0,both,first,
2025-12-10,2,27,8,0,0,0,both,first,
2025-12-10,3,27,8,0,0,0,both,first,
2025-12-13,1,27,9,0,0,0,both,first,
2025-12-13,2,27,9,0,0,0,both,first,
2025-12-13,3,27,8,0,0,0,both,first,
2025-12-17,1,27,9,0,0,0,both,first,
2025-12-17,2,27,9,0,0,0,both,first,
2025-12-17,3,27,7,0,23,3,both,first,
2025-12-20,1,27,10,0,0,0,both,first,
2025-12-20,2,27,8,0,23,3,both,first,
2025-12-20,3,27,5,0,23,1,both,first,"2nd drop, 18kg, 1 rep"
2025-12-24,1,27,10,0,0,0,both,first,
2025-12-24,2,27,7,0,0,0,both,first,
2025-12-24,3,27,6,0,14,6,both,first,
2025-12-27,1,27,10,0,0,0,both,first,
2025-12-27,2,27,8,0,0,0,both,first,
2025-12-27,3,27,6,0,0,0,both,first,
2025-12-31,1,27,9,0,0,0,both,first,
2025-12-31,2,27,8,0,0,0,both,first,
2025-12-31,3,27,6,0,0,0,left,first,
2025-12-31,3,27,5,0,21,3,right,first,
2026-01-07,1,27,10,0,0,0,both,first,
2026-01-07,2,27,9,0,0,0,both,first,
2026-01-07,3,27,7,0,0,0,both,first,
2026-01-10,1,27,8,0,0,0,both,first,
2026-01-10,2,27,6,0,0,0,both,first,
2026-01-10,3,21,10,0,0,0,both,first,
2026-01-13,1,27,9,0,0,0,both,first,
2026-01-13,2,27,7,0,0,0,both,first,
2026-01-13,3,27,7,0,0,0,both,first,
2026-01-16,1,27,9,0,0,0,both,first,
2026-01-16,2,27,9,0,0,0,both,first,
2026-01-16,3,27,7,0,0,0,both,first,
2026-01-21,1,27,10,0,0,0,both,first,
2026-01-21,2,27,10,0,0,0,both,first,
2026-01-21,3,27,10,0,0,0,both,first,
2026-01-25,1,27,10,0,0,0,both,first,
2026-01-25,2,27,10,0,0,0,both,first,
2026-01-25,3,27,8,0,0,0,both,first,
2026-01-28,1,27,9,0,0,0,both,first,
2026-01-28,2,27,7,0,0,0,both,first,
2026-01-28,3,27,8,0,0,0,both,first,
2026-02-01,1,27,10,0,0,0,both,first,
2026-02-01,2,27,7,0,0,0,both,first,
2026-02-01,3,27,4,0,0,0,both,first,short rest before (20s)
2026-02-04,1,27,10,0,0,0,both,first,superset
2026-02-04,2,27,8,0,0,0,both,first,superset
2026-02-04,3,27,6,0,0,0,both,first,superset
2026-02-07,1,27,10,0,0,0,both,first,
2026-02-07,2,27,9,0,0,0,both,first,
2026-02-07,3,27,7,0,0,0,both,first,
2026-02-11,1,27,10,0,0,0,both,first,
2026-02-11,2,27,10,0,0,0,both,first,
2026-02-11,3,27,7,0,0,0,both,first,
2026-02-14,1,27,9,0,0,0,both,second,
2026-02-14,2,27,7,0,0,0,both,second,
2026-02-14,3,27,5,0,0,0,both,second,
2026-02-18,1,27,10,0,0,0,both,first,
2026-02-18,2,27,9,0,0,0,both,first,
2026-02-18,3,27,8,0,0,0,both,first,
2026-02-21,1,27,10,0,0,0,both,first,
2026-02-21,2,27,10,0,0,0,both,first,
2026-02-21,3,27,9,0,0,0,both,first,
2026-02-25,1,21,12,0,0,0,both,second,
2026-02-25,2,21,10,0,0,0,both,second,
2026-02-28,1,27,10,0,0,0,both,first,
2026-02-28,2,27,10,0,0,0,both,first,
2026-02-28,3,27,9,0,0,0,both,first,
2026-03-04,1,27,10,0,0,0,both,first,
2026-03-04,2,27,9,0,0,0,both,first,
2026-03-04,3,27,8,0,0,0,both,first,
2026-03-07,1,32,6,0,0,0,both,first,
2026-03-07,2,27,9,0,0,0,both,first,
2026-03-07,3,27,6,1,0,0,both,first,
2026-03-10,1,27,10,0,0,0,both,first,
2026-03-10,2,27,10,0,0,0,both,first,
2026-03-10,3,27,7,3,0,0,both,first,
2026-03-14,1,27,10,0,0,0,both,first,
2026-03-14,2,27,10,0,0,0,both,first,
2026-03-14,3,27,8,1,0,0,both,first,
2026-03-18,1,27,10,0,0,0,both,first,
2026-03-18,2,27,9,0,0,0,both,first,
2026-03-18,3,23,8,0,0,0,both,first,
2026-03-21,1,27,10,0,0,0,both,first,
2026-03-21,2,27,9,1,0,0,both,first,
2026-03-21,3,27,7,0,0,0,both,first,
2026-03-25,1,27,8,2,0,0,both,first,
2026-03-25,2,23,11,0,0,0,both,first,
2026-03-25,3,18,15,0,0,0,both,first,
2026-03-28,1,27,10,0,0,0,both,first,
2026-03-28,2,27,9,0,0,0,both,first,
2026-03-28,3,25,9,0,0,0,both,first,
2026-04-01,1,27,11,0,0,0,both,first,
2026-04-01,2,27,10,0,0,0,both,first,
2026-04-01,3,27,10,0,0,0,both,first,
2026-04-05,1,27,9,0,0,0,left,first,
2026-04-05,1,27,8,0,0,0,right,first,
2026-04-05,2,27,9,0,0,0,both,first,
2026-04-05,3,27,8,0,18,3,both,first,
2026-04-08,1,27,10,0,0,0,both,first,
2026-04-08,2,27,10,0,0,0,both,first,
2026-04-08,3,27,10,0,0,0,both,first,
2026-04-11,1,27,10,0,0,0,both,first,
2026-04-11,2,27,10,0,0,0,both,first,
2026-04-11,3,27,10,0,0,0,both,first,
2026-04-15,1,27,11,0,0,0,both,first,
2026-04-15,2,27,11,0,0,0,both,first,
2026-04-15,3,27,10,0,0,0,both,first,
2026-04-18,1,27,11,0,0,0,both,first,
2026-04-18,2,27,11,0,0,0,both,first,
2026-04-18,3,27,9,0,0,0,both,first,
2026-04-22,1,32,6,0,0,0,both,first,
2026-04-22,2,32,5,0,0,0,both,first,
2026-04-22,3,27,8,0,0,0,both,first,
2026-04-25,1,27,11,0,0,0,both,first,
2026-04-25,2,27,11,0,0,0,both,first,
2026-04-25,3,27,11,0,0,0,both,first,
2026-04-29,1,27,11,0,0,0,both,first,
2026-04-29,2,27,11,0,0,0,both,first,
2026-04-29,3,27,10,0,0,0,both,first,
2026-05-03,1,27,12,0,0,0,both,first,extra rest day before; right rhomboid trouble
2026-05-03,2,27,11,0,0,0,both,first,extra rest day before; right rhomboid trouble
2026-05-03,3,27,10,0,0,0,both,first,extra rest day before; right rhomboid trouble
2026-05-06,1,27,12,0,0,0,both,first,supeset
2026-05-06,2,27,11,0,0,0,both,first,superset
2026-05-06,3,27,9,0,0,0,both,first,superset
2026-05-08,1,27,12,0,0,0,both,first,"superset, second workout of the day ( did chest and back in the morning)"
2026-05-08,2,27,10,0,0,0,both,first,"superset, second workout of the day ( did chest and back in the morning)"
2026-05-08,3,27,9,0,0,0,both,first,"superset, second workout of the day ( did chest and back in the morning)"
2026-05-13,1,25,12,0,0,0,both,first,tired
2026-05-13,2,25,11,2,0,0,both,first,"tired, wrist trouble"
2026-05-13,3,25,11,0,0,0,both,first,tired
2026-05-16,1,27,12,0,0,0,both,first,
2026-05-16,2,32,5,0,0,0,both,first,
2026-05-16,3,32,3,0,0,0,both,first,right rhomboid pain
2026-05-16,4,25,7,0,0,0,both,first,
2026-06-17,1,32,6,0,0,0,both,first,"due to rhomboid pain, I did standard cable curls for a month"
2026-06-17,2,32,6,0,0,0,both,first,
2026-06-17,3,32,4,0,0,0,both,first,
2026-06-20,1,32,7,0,0,0,both,first,second workout of the day ( did chest and back in the morning)
2026-06-20,2,32,5,0,0,0,both,first,second workout of the day ( did chest and back in the morning)
2026-06-20,3,27,8,0,0,0,both,first,second workout of the day ( did chest and back in the morning)
2026-06-24,1,32,7,0,0,0,both,first,
2026-06-24,2,32,6,0,0,0,both,first,
2026-06-24,3,32,5,0,0,0,both,first,
2026-06-27,1,32,7,0,0,0,both,first,
2026-06-27,2,32,7,0,0,0,both,first,
2026-06-27,3,32,5,0,0,0,both,first,
2026-07-01,1,32,8,0,0,0,both,first,
2026-07-01,2,32,7,0,0,0,both,first,
2026-07-01,3,32,6,0,0,0,both,first,
2026-07-04,1,32,8,0,0,0,both,first,
2026-07-04,2,32,7,0,0,0,both,first,
2026-07-04,3,32,8,0,0,0,both,first,
2026-07-08,1,32,8,0,0,0,both,first,
2026-07-08,2,32,8,0,0,0,both,first,
2026-07-08,3,32,7,1,0,0,both,first,
2026-07-11,1,32,8,0,0,0,both,first,
2026-07-11,2,32,7,0,0,0,both,first,
2026-07-11,3,32,4,0,27,2,both,first,"additonal drops: 25kg, 1 rep; 23kg, 2 reps"
2026-07-15,1,32,8,0,0,0,both,first,
2026-07-15,2,32,6,0,0,0,both,first,
2026-07-15,3,32,5,1,0,0,both,first,
2026-07-17,1,32,8,0,0,0,both,first,part of a double workout following a full chest and back routine
2026-07-17,2,32,4,0,27,2,both,first,part of a double workout following a full chest and back routine
2026-07-22,1,32,7,0,0,0,both,first,
2026-07-22,2,32,6,0,0,0,both,first,
2026-07-22,3,32,6,0,0,0,both,first,
2026-07-25,1,32,8,0,0,0,both,first,
2026-07-25,2,32,7,0,0,0,both,first,
2026-07-25,3,32,5,0,0,0,both,first,
